"","year","social_capital","absence_exclusion","absence_capture","vdeminformal","btiinformal","informal_channels","vdeminstitutional","btiinstitutional","institutional_channels","vdemcso","bticso","intermediary_channels","civil_capacity","quality_interface","resilience","v2cagenmob","percept_civicspace","natgov_confidence"
"1",1789,NA,NA,-0.837304839259755,NA,NA,NA,-0.817126251351252,NA,NA,-0.648686723435034,NA,NA,NA,NA,NA,NA,NA,NA
"2",1790,NA,NA,-0.846656986899939,NA,NA,NA,-0.814049170317059,NA,NA,-0.646358665580211,NA,NA,NA,NA,NA,NA,NA,NA
"3",1791,NA,NA,-0.808840889994843,NA,NA,NA,-0.810317391190484,NA,NA,-0.646358665580211,NA,NA,NA,NA,NA,NA,NA,NA
"4",1792,NA,NA,-0.808840889994843,NA,NA,NA,-0.809859102525816,NA,NA,-0.631189383536642,NA,NA,NA,NA,NA,NA,NA,NA
"5",1793,NA,NA,-0.808840889994843,NA,NA,NA,-0.809793632716578,NA,NA,-0.65497743295764,NA,NA,NA,NA,NA,NA,NA,NA
"6",1794,NA,NA,-0.81309680210842,NA,NA,NA,-0.832642596140697,NA,NA,-0.65497743295764,NA,NA,NA,NA,NA,NA,NA,NA
"7",1795,NA,NA,-0.813261189769466,NA,NA,NA,-0.794119565204878,NA,NA,-0.681198351069422,NA,NA,NA,NA,NA,NA,NA,NA
"8",1796,NA,NA,-0.822082414168125,NA,NA,NA,-0.842060895841102,NA,NA,-0.679968296012152,NA,NA,NA,NA,NA,NA,NA,NA
"9",1797,NA,NA,-0.815709011355417,NA,NA,NA,-0.818756761362279,NA,NA,-0.679968296012152,NA,NA,NA,NA,NA,NA,NA,NA
"10",1798,NA,NA,-0.759172857933388,NA,NA,NA,-0.847301881609206,NA,NA,-0.674001321318037,NA,NA,NA,NA,NA,NA,NA,NA
"11",1799,NA,NA,-0.759172857933388,NA,NA,NA,-0.849013024350658,NA,NA,-0.674782168606253,NA,NA,NA,NA,NA,NA,NA,NA
"12",1800,NA,NA,-0.801890417055526,NA,NA,NA,-0.849013024350658,NA,NA,-0.701489165295872,NA,NA,NA,NA,NA,NA,NA,NA
"13",1801,NA,NA,-0.801890417055526,NA,NA,NA,-0.845932967416045,NA,NA,-0.708798501743364,NA,NA,NA,NA,NA,NA,NA,NA
"14",1802,NA,NA,-0.804127237866241,NA,NA,NA,-0.845453847448438,NA,NA,-0.711467763850106,NA,NA,NA,NA,NA,NA,NA,NA
"15",1803,NA,NA,-0.792903049594324,NA,NA,NA,-0.848397012963736,NA,NA,-0.740657744246778,NA,NA,NA,NA,NA,NA,NA,NA
"16",1804,NA,NA,-0.809875380207165,NA,NA,NA,-0.845147329705187,NA,NA,-0.746219438585645,NA,NA,NA,NA,NA,NA,NA,NA
"17",1805,NA,NA,-0.798188107619495,NA,NA,NA,-0.838534878972132,NA,NA,-0.756051497067263,NA,NA,NA,NA,NA,NA,NA,NA
"18",1806,NA,NA,-0.79361207781611,NA,NA,NA,-0.83434481118089,NA,NA,-0.756269114133187,NA,NA,NA,NA,NA,NA,NA,NA
"19",1807,NA,NA,-0.785025231333733,NA,NA,NA,-0.846121193117604,NA,NA,-0.762073534983019,NA,NA,NA,NA,NA,NA,NA,NA
"20",1808,NA,NA,-0.760844405161371,NA,NA,NA,-0.84260764668849,NA,NA,-0.731615939958536,NA,NA,NA,NA,NA,NA,NA,NA
"21",1809,NA,NA,-0.738306785655876,NA,NA,NA,-0.805218300278665,NA,NA,-0.73028536988751,NA,NA,NA,NA,NA,NA,NA,NA
"22",1810,NA,NA,-0.69483183767647,NA,NA,NA,-0.802148773453229,NA,NA,-0.69872359716902,NA,NA,NA,NA,NA,NA,NA,NA
"23",1811,NA,NA,-0.649737778184148,NA,NA,NA,-0.80286692689918,NA,NA,-0.726998301856715,NA,NA,NA,NA,NA,NA,NA,NA
"24",1812,NA,NA,-0.644995448843641,NA,NA,NA,-0.796408693938998,NA,NA,-0.726998301856715,NA,NA,NA,NA,NA,NA,NA,NA
"25",1813,NA,NA,-0.647427186029879,NA,NA,NA,-0.820438120666852,NA,NA,-0.73616400718889,NA,NA,NA,NA,NA,NA,NA,NA
"26",1814,NA,NA,-0.680414516790384,NA,NA,NA,-0.812493697952745,NA,NA,-0.73714243499844,NA,NA,NA,NA,NA,NA,NA,NA
"27",1815,NA,NA,-0.678782233029927,NA,NA,NA,-0.787708483733571,NA,NA,-0.705667340834576,NA,NA,NA,NA,NA,NA,NA,NA
"28",1816,NA,NA,-0.678782233029927,NA,NA,NA,-0.797552890318372,NA,NA,-0.705667340834576,NA,NA,NA,NA,NA,NA,NA,NA
"29",1817,NA,NA,-0.670436891832817,NA,NA,NA,-0.796053156502719,NA,NA,-0.714231564234067,NA,NA,NA,NA,NA,NA,NA,NA
"30",1818,NA,NA,-0.651987512820462,NA,NA,NA,-0.757090436279856,NA,NA,-0.710633256767849,NA,NA,NA,NA,NA,NA,NA,NA
"31",1819,NA,NA,-0.640958107032388,NA,NA,NA,-0.738292153311182,NA,NA,-0.691393215785603,NA,NA,NA,NA,NA,NA,NA,NA
"32",1820,NA,NA,-0.609737801536688,NA,NA,NA,-0.737466388943049,NA,NA,-0.664388490548342,NA,NA,NA,NA,NA,NA,NA,NA
"33",1821,NA,NA,-0.569113452541186,NA,NA,NA,-0.752808301569372,NA,NA,-0.624406738161988,NA,NA,NA,NA,NA,NA,NA,NA
"34",1822,NA,NA,-0.559905235599567,NA,NA,NA,-0.78187169435949,NA,NA,-0.630221912384147,NA,NA,NA,NA,NA,NA,NA,NA
"35",1823,NA,NA,-0.562836721746895,NA,NA,NA,-0.733470799672705,NA,NA,-0.610362267328458,NA,NA,NA,NA,NA,NA,NA,NA
"36",1824,NA,NA,-0.562836721746895,NA,NA,NA,-0.752750173043891,NA,NA,-0.633483672269701,NA,NA,NA,NA,NA,NA,NA,NA
"37",1825,NA,NA,-0.568061541812866,NA,NA,NA,-0.736301953240927,NA,NA,-0.628144391073381,NA,NA,NA,NA,NA,NA,NA,NA
"38",1826,NA,NA,-0.576402937040236,NA,NA,NA,-0.657422383713422,NA,NA,-0.628144391073381,NA,NA,NA,NA,NA,NA,NA,NA
"39",1827,NA,NA,-0.587255445116557,NA,NA,NA,-0.659375861264744,NA,NA,-0.628144391073381,NA,NA,NA,NA,NA,NA,NA,NA
"40",1828,NA,NA,-0.589556872371196,NA,NA,NA,-0.670364172490933,NA,NA,-0.628144391073381,NA,NA,NA,NA,NA,NA,NA,NA
"41",1829,NA,NA,-0.589556872371196,NA,NA,NA,-0.678035641624773,NA,NA,-0.62434529014218,NA,NA,NA,NA,NA,NA,NA,NA
"42",1830,NA,NA,-0.566956173024728,NA,NA,NA,-0.665860652343398,NA,NA,-0.51962326640906,NA,NA,NA,NA,NA,NA,NA,NA
"43",1831,NA,NA,-0.566956173024728,NA,NA,NA,-0.616022159266999,NA,NA,-0.516107314304451,NA,NA,NA,NA,NA,NA,NA,NA
"44",1832,NA,NA,-0.561851725395848,NA,NA,NA,-0.595058748630213,NA,NA,-0.532284758670169,NA,NA,NA,NA,NA,NA,NA,NA
"45",1833,NA,NA,-0.559697825529327,NA,NA,NA,-0.577249334153249,NA,NA,-0.532284758670169,NA,NA,NA,NA,NA,NA,NA,NA
"46",1834,NA,NA,-0.551269304617378,NA,NA,NA,-0.566923918597385,NA,NA,-0.507922055864384,NA,NA,NA,NA,NA,NA,NA,NA
"47",1835,NA,NA,-0.538810712487827,NA,NA,NA,-0.558290633085846,NA,NA,-0.497460574096478,NA,NA,NA,NA,NA,NA,NA,NA
"48",1836,NA,NA,-0.533560270222914,NA,NA,NA,-0.577768628776525,NA,NA,-0.496403756122838,NA,NA,NA,NA,NA,NA,NA,NA
"49",1837,NA,NA,-0.533560270222914,NA,NA,NA,-0.517143585421985,NA,NA,-0.496403756122838,NA,NA,NA,NA,NA,NA,NA,NA
"50",1838,NA,NA,-0.530306933847234,NA,NA,NA,-0.505652269946328,NA,NA,-0.503999965234066,NA,NA,NA,NA,NA,NA,NA,NA
"51",1839,NA,NA,-0.538129892334197,NA,NA,NA,-0.498060499983419,NA,NA,-0.503999965234066,NA,NA,NA,NA,NA,NA,NA,NA
"52",1840,NA,NA,-0.543760338848119,NA,NA,NA,-0.498876144690178,NA,NA,-0.481413450378733,NA,NA,NA,NA,NA,NA,NA,NA
"53",1841,NA,NA,-0.53729375729988,NA,NA,NA,-0.469143526301963,NA,NA,-0.456133415413786,NA,NA,NA,NA,NA,NA,NA,NA
"54",1842,NA,NA,-0.53729375729988,NA,NA,NA,-0.479771235981866,NA,NA,-0.456133415413786,NA,NA,NA,NA,NA,NA,NA,NA
"55",1843,NA,NA,-0.542256794529905,NA,NA,NA,-0.485277157864225,NA,NA,-0.456133415413786,NA,NA,NA,NA,NA,NA,NA,NA
"56",1844,NA,NA,-0.527536344445579,NA,NA,NA,-0.463919302748469,NA,NA,-0.452118375196529,NA,NA,NA,NA,NA,NA,NA,NA
"57",1845,NA,NA,-0.526584348432616,NA,NA,NA,-0.464241360765178,NA,NA,-0.45517479928132,NA,NA,NA,NA,NA,NA,NA,NA
"58",1846,NA,NA,-0.520797333479143,NA,NA,NA,-0.45806755775402,NA,NA,-0.43747477040319,NA,NA,NA,NA,NA,NA,NA,NA
"59",1847,NA,NA,-0.492356047069052,NA,NA,NA,-0.463819735193685,NA,NA,-0.445723828954615,NA,NA,NA,NA,NA,NA,NA,NA
"60",1848,NA,NA,-0.394637693848706,NA,NA,NA,-0.346566490478072,NA,NA,-0.359885731347493,NA,NA,NA,NA,NA,NA,NA,NA
"61",1849,NA,NA,-0.382111326776763,NA,NA,NA,-0.226595119003936,NA,NA,-0.335795851195322,NA,NA,NA,NA,NA,NA,NA,NA
"62",1850,NA,NA,-0.466775790808254,NA,NA,NA,-0.247021833098099,NA,NA,-0.386280840724906,NA,NA,NA,NA,NA,NA,NA,NA
"63",1851,NA,NA,-0.470002951280958,NA,NA,NA,-0.271588590704772,NA,NA,-0.437887867384046,NA,NA,NA,NA,NA,NA,NA,NA
"64",1852,NA,NA,-0.46932493181163,NA,NA,NA,-0.27441950525623,NA,NA,-0.420350838159735,NA,NA,NA,NA,NA,NA,NA,NA
"65",1853,NA,NA,-0.454636892476568,NA,NA,NA,-0.255717399549256,NA,NA,-0.403628747012622,NA,NA,NA,NA,NA,NA,NA,NA
"66",1854,NA,NA,-0.442612166138071,NA,NA,NA,-0.231293232514867,NA,NA,-0.391191777119209,NA,NA,NA,NA,NA,NA,NA,NA
"67",1855,NA,NA,-0.442612166138071,NA,NA,NA,-0.225059197279209,NA,NA,-0.391191777119209,NA,NA,NA,NA,NA,NA,NA,NA
"68",1856,NA,NA,-0.470821753730444,NA,NA,NA,-0.222470392649757,NA,NA,-0.39256370541856,NA,NA,NA,NA,NA,NA,NA,NA
"69",1857,NA,NA,-0.479511468146274,NA,NA,NA,-0.231564277525113,NA,NA,-0.39256370541856,NA,NA,NA,NA,NA,NA,NA,NA
"70",1858,NA,NA,-0.476009097701218,NA,NA,NA,-0.22678624048552,NA,NA,-0.395748830310147,NA,NA,NA,NA,NA,NA,NA,NA
"71",1859,NA,NA,-0.458652286190384,NA,NA,NA,-0.222732148451926,NA,NA,-0.371663351690356,NA,NA,NA,NA,NA,NA,NA,NA
"72",1860,NA,NA,-0.451908838606925,NA,NA,NA,-0.187751125762058,NA,NA,-0.312617938456375,NA,NA,NA,NA,NA,NA,NA,NA
"73",1861,NA,NA,-0.433655516124683,NA,NA,NA,-0.154881836995348,NA,NA,-0.304767169679439,NA,NA,NA,NA,NA,NA,NA,NA
"74",1862,NA,NA,-0.402621231144692,NA,NA,NA,-0.137596215746452,NA,NA,-0.301888546118844,NA,NA,NA,NA,NA,NA,NA,NA
"75",1863,NA,NA,-0.402621231144692,NA,NA,NA,-0.125419187558755,NA,NA,-0.280029702344355,NA,NA,NA,NA,NA,NA,NA,NA
"76",1864,NA,NA,-0.407847388868768,NA,NA,NA,-0.124850959025745,NA,NA,-0.283528874254672,NA,NA,NA,NA,NA,NA,NA,NA
"77",1865,NA,NA,-0.400928723184509,NA,NA,NA,-0.120930182147972,NA,NA,-0.27631579742978,NA,NA,NA,NA,NA,NA,NA,NA
"78",1866,NA,NA,-0.400928723184509,NA,NA,NA,-0.115475188231072,NA,NA,-0.291084482756662,NA,NA,NA,NA,NA,NA,NA,NA
"79",1867,NA,NA,-0.385482754900823,NA,NA,NA,-0.0676587571782396,NA,NA,-0.290946012504218,NA,NA,NA,NA,NA,NA,NA,NA
"80",1868,NA,NA,-0.386355199166641,NA,NA,NA,-0.0164491900282879,NA,NA,-0.277178973182079,NA,NA,NA,NA,NA,NA,NA,NA
"81",1869,NA,NA,-0.383943429509382,NA,NA,NA,0.00764369977135646,NA,NA,-0.258977875558865,NA,NA,NA,NA,NA,NA,NA,NA
"82",1870,NA,NA,-0.344896232868527,NA,NA,NA,-0.00683047254450137,NA,NA,-0.235199881562089,NA,NA,NA,NA,NA,NA,NA,NA
"83",1871,NA,NA,-0.335690656292354,NA,NA,NA,-0.000694161020020512,NA,NA,-0.206449486316679,NA,NA,NA,NA,NA,NA,NA,NA
"84",1872,NA,NA,-0.335670550263441,NA,NA,NA,0.00721346959636282,NA,NA,-0.186008639527388,NA,NA,NA,NA,NA,NA,NA,NA
"85",1873,NA,NA,-0.335670550263441,NA,NA,NA,0.0133288842266297,NA,NA,-0.186008639527388,NA,NA,NA,NA,NA,NA,NA,NA
"86",1874,NA,NA,-0.335670550263441,NA,NA,NA,0.00653739360708707,NA,NA,-0.186008639527388,NA,NA,NA,NA,NA,NA,NA,NA
"87",1875,NA,NA,-0.341570777979991,NA,NA,NA,-0.0166557005122849,NA,NA,-0.186008639527388,NA,NA,NA,NA,NA,NA,NA,NA
"88",1876,NA,NA,-0.349456550778976,NA,NA,NA,-0.0201314541730865,NA,NA,-0.178555266245349,NA,NA,NA,NA,NA,NA,NA,NA
"89",1877,NA,NA,-0.364951734629251,NA,NA,NA,-0.025931463085148,NA,NA,-0.197665574044323,NA,NA,NA,NA,NA,NA,NA,NA
"90",1878,NA,NA,-0.349903179474428,NA,NA,NA,-0.0380830191218411,NA,NA,-0.182022081989822,NA,NA,NA,NA,NA,NA,NA,NA
"91",1879,NA,NA,-0.349903179474428,NA,NA,NA,0.0217063213735999,NA,NA,-0.182022081989822,NA,NA,NA,NA,NA,NA,NA,NA
"92",1880,NA,NA,-0.344800014692402,NA,NA,NA,0.0351404694849212,NA,NA,-0.170269110228288,NA,NA,NA,NA,NA,NA,NA,NA
"93",1881,NA,NA,-0.345482896973635,NA,NA,NA,0.0362624422942183,NA,NA,-0.174998116617544,NA,NA,NA,NA,NA,NA,NA,NA
"94",1882,NA,NA,-0.335764076078554,NA,NA,NA,0.040927487132875,NA,NA,-0.169098449332908,NA,NA,NA,NA,NA,NA,NA,NA
"95",1883,NA,NA,-0.335764076078554,NA,NA,NA,0.0606505880963093,NA,NA,-0.145030356766019,NA,NA,NA,NA,NA,NA,NA,NA
"96",1884,NA,NA,-0.335764076078554,NA,NA,NA,0.0932763763666611,NA,NA,-0.140469415554812,NA,NA,NA,NA,NA,NA,NA,NA
"97",1885,NA,NA,-0.315466707160161,NA,NA,NA,0.0841336606909005,NA,NA,-0.133926464312814,NA,NA,NA,NA,NA,NA,NA,NA
"98",1886,NA,NA,-0.306033079017352,NA,NA,NA,0.110554757629837,NA,NA,-0.150611279747458,NA,NA,NA,NA,NA,NA,NA,NA
"99",1887,NA,NA,-0.299614559818154,NA,NA,NA,0.0741443779201249,NA,NA,-0.150611279747458,NA,NA,NA,NA,NA,NA,NA,NA
"100",1888,NA,NA,-0.294493346962009,NA,NA,NA,0.0541844816427284,NA,NA,-0.127140108330193,NA,NA,NA,NA,NA,NA,NA,NA
"101",1889,NA,NA,-0.294493346962009,NA,NA,NA,0.0791336138494679,NA,NA,-0.127140108330193,NA,NA,NA,NA,NA,NA,NA,NA
"102",1890,NA,NA,-0.276870670742016,NA,NA,NA,0.066613645172137,NA,NA,-0.125737633396124,NA,NA,NA,NA,NA,NA,NA,NA
"103",1891,NA,NA,-0.270803040334748,NA,NA,NA,0.0954796546490694,NA,NA,-0.0882628433793913,NA,NA,NA,NA,NA,NA,NA,NA
"104",1892,NA,NA,-0.267323104437636,NA,NA,NA,0.118550290176092,NA,NA,-0.0882628433793913,NA,NA,NA,NA,NA,NA,NA,NA
"105",1893,NA,NA,-0.264638105973891,NA,NA,NA,0.113004587530138,NA,NA,-0.0826878940674113,NA,NA,NA,NA,NA,NA,NA,NA
"106",1894,NA,NA,-0.250101157126982,NA,NA,NA,0.102753526245193,NA,NA,-0.0826878940674113,NA,NA,NA,NA,NA,NA,NA,NA
"107",1895,NA,NA,-0.232255934079388,NA,NA,NA,0.111560522133266,NA,NA,-0.0874753889218138,NA,NA,NA,NA,NA,NA,NA,NA
"108",1896,NA,NA,-0.258113582864571,NA,NA,NA,0.119117961622305,NA,NA,-0.0823398163723951,NA,NA,NA,NA,NA,NA,NA,NA
"109",1897,NA,NA,-0.258113582864571,NA,NA,NA,0.112185573519578,NA,NA,-0.0628817026018199,NA,NA,NA,NA,NA,NA,NA,NA
"110",1898,NA,NA,-0.278109316765386,NA,NA,NA,0.113293619158948,NA,NA,-0.0510870043133217,NA,NA,NA,NA,NA,NA,NA,NA
"111",1899,NA,NA,-0.275000650525904,NA,NA,NA,0.111645756413218,NA,NA,-0.0414891898376304,NA,NA,NA,NA,NA,NA,NA,NA
"112",1900,NA,NA,-0.529754816649748,-0.304483061593635,NA,NA,-0.387657396710744,NA,NA,-0.24378398534769,NA,NA,NA,NA,NA,-1.18461607142857,NA,NA
"113",1901,NA,NA,-0.529754816649748,-0.285680133246165,NA,NA,-0.363516984859911,NA,NA,-0.241085142230595,NA,NA,NA,NA,NA,-1.17842477876106,NA,NA
"114",1902,NA,NA,-0.52341133742847,-0.272375927944174,NA,NA,-0.371514872033958,NA,NA,-0.242430016270104,NA,NA,NA,NA,NA,-1.1630347826087,NA,NA
"115",1903,NA,NA,-0.529473231563953,-0.261710571079928,NA,NA,-0.372653326346698,NA,NA,-0.247032640730826,NA,NA,NA,NA,NA,-1.12211016949153,NA,NA
"116",1904,NA,NA,-0.52411448449202,-0.272829273021101,NA,NA,-0.3783317503671,NA,NA,-0.255670255660154,NA,NA,NA,NA,NA,-1.11294166666667,NA,NA
"117",1905,NA,NA,-0.515357609251981,-0.269098098313084,NA,NA,-0.371184548741085,NA,NA,-0.252984806827465,NA,NA,NA,NA,NA,-1.05935537190083,NA,NA
"118",1906,NA,NA,-0.511238644575729,-0.263336531714484,NA,NA,-0.367968229835904,NA,NA,-0.247602541012688,NA,NA,NA,NA,NA,-1.10255833333333,NA,NA
"119",1907,NA,NA,-0.501733350565591,-0.266698544260578,NA,NA,-0.374967974926323,NA,NA,-0.244917777807686,NA,NA,NA,NA,NA,-1.10635833333333,NA,NA
"120",1908,NA,NA,-0.501480312606715,-0.257359620521429,NA,NA,-0.369054044819253,NA,NA,-0.242335726053673,NA,NA,NA,NA,NA,-1.11445833333333,NA,NA
"121",1909,NA,NA,-0.496292339450352,-0.256041184228843,NA,NA,-0.363650145645442,NA,NA,-0.245094669751055,NA,NA,NA,NA,NA,-1.10279166666667,NA,NA
"122",1910,NA,NA,-0.497225007922506,-0.261154663741653,NA,NA,-0.362617551590278,NA,NA,-0.255233069664614,NA,NA,NA,NA,NA,-0.997768595041322,NA,NA
"123",1911,NA,NA,-0.510299126286303,-0.270855446300492,NA,NA,-0.352638219271243,NA,NA,-0.26092195089067,NA,NA,NA,NA,NA,-0.989577235772358,NA,NA
"124",1912,NA,NA,-0.504565046165041,-0.270393653806518,NA,NA,-0.35565207127836,NA,NA,-0.25650194317177,NA,NA,NA,NA,NA,-0.972672,NA,NA
"125",1913,NA,NA,-0.503088768760999,-0.273305723808316,NA,NA,-0.356981415295625,NA,NA,-0.254810738662648,NA,NA,NA,NA,NA,-0.976424,NA,NA
"126",1914,NA,NA,-0.511823632796076,-0.306429016356675,NA,NA,-0.372783163569734,NA,NA,-0.278717770449141,NA,NA,NA,NA,NA,-0.956753968253968,NA,NA
"127",1915,NA,NA,-0.504608626166342,-0.306600689911728,NA,NA,-0.370040478272588,NA,NA,-0.281698727272579,NA,NA,NA,NA,NA,-0.978777777777778,NA,NA
"128",1916,NA,NA,-0.516922867587811,-0.318517282510486,NA,NA,-0.384805472749825,NA,NA,-0.282699506926627,NA,NA,NA,NA,NA,-0.987356589147287,NA,NA
"129",1917,NA,NA,-0.496794068081085,-0.326023410772647,NA,NA,-0.380944723021592,NA,NA,-0.275870063769423,NA,NA,NA,NA,NA,-0.860546153846154,NA,NA
"130",1918,NA,NA,-0.405057878179382,-0.295810318219191,NA,NA,-0.383159388653638,NA,NA,-0.235211053776205,NA,NA,NA,NA,NA,-0.806434782608696,NA,NA
"131",1919,NA,NA,-0.369997132223042,-0.285899371468268,NA,NA,-0.368147209135773,NA,NA,-0.200684097708196,NA,NA,NA,NA,NA,-0.726657142857143,NA,NA
"132",1920,NA,NA,-0.362241669211616,-0.275044584053233,NA,NA,-0.332693764179784,NA,NA,-0.169210879141673,NA,NA,NA,NA,NA,-0.862748251748252,NA,NA
"133",1921,NA,NA,-0.351690394651663,-0.269976251162047,NA,NA,-0.2968720146481,NA,NA,-0.176052909388553,NA,NA,NA,NA,NA,-0.882811188811189,NA,NA
"134",1922,NA,NA,-0.346202344754141,-0.264478236926103,NA,NA,-0.303172554014381,NA,NA,-0.195451740291717,NA,NA,NA,NA,NA,-0.923513698630137,NA,NA
"135",1923,NA,NA,-0.338168874892331,-0.26546476067064,NA,NA,-0.30602945918326,NA,NA,-0.202491566624536,NA,NA,NA,NA,NA,-0.961924657534247,NA,NA
"136",1924,NA,NA,-0.326139517857452,-0.267217765688814,NA,NA,-0.303182867751453,NA,NA,-0.193158001382583,NA,NA,NA,NA,NA,-0.944445205479453,NA,NA
"137",1925,NA,NA,-0.326840195630497,-0.27199635468187,NA,NA,-0.301862709406267,NA,NA,-0.194470800885896,NA,NA,NA,NA,NA,-0.967945205479453,NA,NA
"138",1926,NA,NA,-0.326585783403188,-0.270745779972253,NA,NA,-0.308659462136561,NA,NA,-0.200910350865899,NA,NA,NA,NA,NA,-0.979883561643836,NA,NA
"139",1927,NA,NA,-0.327819751260426,-0.279591487302453,NA,NA,-0.298531372332087,NA,NA,-0.207530471781303,NA,NA,NA,NA,NA,-1.00178767123288,NA,NA
"140",1928,NA,NA,-0.320514349277835,-0.279804195024324,NA,NA,-0.301790513246765,NA,NA,-0.216598060915708,NA,NA,NA,NA,NA,-1.00678082191781,NA,NA
"141",1929,NA,NA,-0.314534161027044,-0.289695104091302,NA,NA,-0.301965846776985,NA,NA,-0.215924580129622,NA,NA,NA,NA,NA,-0.99468493150685,NA,NA
"142",1930,NA,NA,-0.319628620365285,-0.309700632070674,NA,NA,-0.309835228162742,NA,NA,-0.216629782836792,NA,NA,NA,NA,NA,-0.900945205479453,NA,NA
"143",1931,NA,NA,-0.317946644438352,-0.31458190755015,NA,NA,-0.306802633817537,NA,NA,-0.221819977155651,NA,NA,NA,NA,NA,-0.898575342465753,NA,NA
"144",1932,NA,NA,-0.309390414801933,-0.31009304114378,NA,NA,-0.284393835271973,NA,NA,-0.228546430338365,NA,NA,NA,NA,NA,-0.874102739726027,NA,NA
"145",1933,NA,NA,-0.313782150222902,-0.329636479934261,NA,NA,-0.285699568810066,NA,NA,-0.243591314968515,NA,NA,NA,NA,NA,-0.865260273972603,NA,NA
"146",1934,NA,NA,-0.322954920568377,-0.350829860471443,NA,NA,-0.315596596288109,NA,NA,-0.26623554696847,NA,NA,NA,NA,NA,-0.906911564625851,NA,NA
"147",1935,NA,NA,-0.321332659152314,-0.349627916152654,NA,NA,-0.32849661950351,NA,NA,-0.274827307286618,NA,NA,NA,NA,NA,-0.955795918367347,NA,NA
"148",1936,NA,NA,-0.313037788186717,-0.353521487294427,NA,NA,-0.326710422501122,NA,NA,-0.273114323548095,NA,NA,NA,NA,NA,-0.89178231292517,NA,NA
"149",1937,NA,NA,-0.307222982432671,-0.361148370335469,NA,NA,-0.334592536017471,NA,NA,-0.275686239303656,NA,NA,NA,NA,NA,-0.906414965986395,NA,NA
"150",1938,NA,NA,-0.305141908059957,-0.364934959641218,NA,NA,-0.325235771487523,NA,NA,-0.271559949414991,NA,NA,NA,NA,NA,-0.895698630136987,NA,NA
"151",1939,NA,NA,-0.317484309268338,-0.402122137223406,NA,NA,-0.351035313098436,NA,NA,-0.281995685775435,NA,NA,NA,NA,NA,-0.945965753424658,NA,NA
"152",1940,NA,NA,-0.348169018926097,-0.478830518000772,NA,NA,-0.403075536786331,NA,NA,-0.360704812904654,NA,NA,NA,NA,NA,-1.02948251748252,NA,NA
"153",1941,NA,NA,-0.34961430306686,-0.49792657737544,NA,NA,-0.434207266863877,NA,NA,-0.373004605937026,NA,NA,NA,NA,NA,-0.965,NA,NA
"154",1942,NA,NA,-0.346591516376145,-0.486234094869399,NA,NA,-0.45974760658737,NA,NA,-0.379044435987101,NA,NA,NA,NA,NA,-0.955517482517483,NA,NA
"155",1943,NA,NA,-0.341147414865751,-0.487645904924771,NA,NA,-0.464383336722926,NA,NA,-0.371701569680519,NA,NA,NA,NA,NA,-0.960657342657343,NA,NA
"156",1944,NA,NA,-0.307497684807204,-0.472639645404821,NA,NA,-0.471382510388949,NA,NA,-0.369454895127141,NA,NA,NA,NA,NA,-0.899361111111111,NA,NA
"157",1945,NA,NA,-0.201297274618924,-0.382589063859505,NA,NA,-0.402190208521974,NA,NA,-0.253280278368834,NA,NA,NA,NA,NA,-0.855381944444445,NA,NA
"158",1946,NA,NA,-0.111588530790675,-0.260543144071499,NA,NA,-0.259909477540275,NA,NA,-0.104332620505694,NA,NA,NA,NA,NA,-0.778462068965517,NA,NA
"159",1947,NA,NA,-0.0912569497724136,-0.260417854582966,NA,NA,-0.190625187435873,NA,NA,-0.102731005111653,NA,NA,NA,NA,NA,-0.729578231292517,NA,NA
"160",1948,NA,NA,-0.0766216124166044,-0.273140453284736,NA,NA,-0.170080606469686,NA,NA,-0.110605897241975,NA,NA,NA,NA,NA,-0.767686666666667,NA,NA
"161",1949,NA,NA,-0.0585979238668923,-0.278874419074914,NA,NA,-0.145126992937714,NA,NA,-0.119078180739811,NA,NA,NA,NA,NA,-0.819131578947368,NA,NA
"162",1950,NA,NA,-0.0132423219479143,-0.226298949532237,NA,NA,-0.131079544606546,NA,NA,-0.0807638030330359,NA,NA,NA,NA,NA,-0.823543046357616,NA,NA
"163",1951,NA,NA,-0.00724885215469647,-0.224682928749683,NA,NA,-0.11663795923587,NA,NA,-0.0767667691243223,NA,NA,NA,NA,NA,-0.814328947368421,NA,NA
"164",1952,NA,NA,0.0172655771165573,-0.217287137235962,NA,NA,-0.0916147039014284,NA,NA,-0.0679007737369231,NA,NA,NA,NA,NA,-0.785322368421052,NA,NA
"165",1953,NA,NA,0.0326042730002301,-0.219781555092766,NA,NA,-0.0852383750884303,NA,NA,-0.0690253690220504,NA,NA,NA,NA,NA,-0.706421052631579,NA,NA
"166",1954,NA,NA,0.0318910875261306,-0.218644548355794,NA,NA,-0.0908116075747736,NA,NA,-0.0719616801787782,NA,NA,NA,NA,NA,-0.743526315789474,NA,NA
"167",1955,NA,NA,0.047379736832902,-0.223447964509218,NA,NA,-0.0871374418803279,NA,NA,-0.0550547096237245,NA,NA,NA,NA,NA,-0.684460526315789,NA,NA
"168",1956,NA,NA,0.0590014875087702,-0.224252615430767,NA,NA,-0.0780917717235701,NA,NA,-0.051314776466208,NA,NA,NA,NA,NA,-0.568480263157895,NA,NA
"169",1957,NA,NA,0.078472417209034,-0.213617229337242,NA,NA,-0.0536797708007517,NA,NA,-0.0444221723825206,NA,NA,NA,NA,NA,-0.710690789473684,NA,NA
"170",1958,NA,NA,0.11566852052707,-0.210055774388819,NA,NA,-0.0390704646929375,NA,NA,-0.0393912133479975,NA,NA,NA,NA,NA,-0.669526315789474,NA,NA
"171",1959,NA,NA,0.150118648176813,-0.209544995977748,NA,NA,-0.028210714282419,NA,NA,-0.0405942687692965,NA,NA,NA,NA,NA,-0.636592105263158,NA,NA
"172",1960,NA,NA,0.245504879386438,-0.171206240907368,NA,NA,0.00456611991956851,NA,NA,0.0136655708482212,NA,NA,NA,NA,NA,-0.601728476821192,NA,NA
"173",1961,NA,NA,0.272726998873343,-0.168332874865339,NA,NA,0.00967375937190595,NA,NA,0.0214201473448178,NA,NA,NA,NA,NA,-0.576980263157895,NA,NA
"174",1962,NA,NA,0.290176836263485,-0.159016416586702,NA,NA,0.0370475104066841,NA,NA,0.0337169905048147,NA,NA,NA,NA,NA,-0.571486842105263,NA,NA
"175",1963,NA,NA,0.316497306296458,-0.149976338407206,NA,NA,0.0700586253582686,NA,NA,0.0258281804497355,NA,NA,NA,NA,NA,-0.565605263157895,NA,NA
"176",1964,NA,NA,0.34566569725888,-0.177159545626511,NA,NA,0.0659829115004954,NA,NA,0.0297464320985513,NA,NA,NA,NA,NA,-0.572230263157895,NA,NA
"177",1965,NA,NA,0.365446266635103,-0.18784740895405,NA,NA,0.0599378944956669,NA,NA,0.0364630952708234,NA,NA,NA,NA,NA,-0.570263157894737,NA,NA
"178",1966,NA,NA,0.376706885935661,-0.195386638240743,NA,NA,0.0408868161073724,NA,NA,0.0318244369171586,NA,NA,NA,NA,NA,-0.530907894736842,NA,NA
"179",1967,NA,NA,0.373654641736247,-0.219795549021836,NA,NA,0.0187085930467726,NA,NA,0.0271001856876703,NA,NA,NA,NA,NA,-0.477421052631579,NA,NA
"180",1968,NA,NA,0.382073657170254,-0.239222621053857,NA,NA,0.017141313930509,NA,NA,0.0229132675119636,NA,NA,NA,NA,NA,-0.341796052631579,NA,NA
"181",1969,NA,NA,0.394988015760393,-0.270635493334699,NA,NA,0.0123064261380922,NA,NA,0.0107567015651222,NA,NA,NA,NA,NA,-0.430190789473684,NA,NA
"182",1970,NA,NA,0.417090737213027,-0.252062050975974,NA,NA,0.0163152596229669,NA,NA,0.00475093477816311,NA,NA,NA,NA,NA,-0.444335526315789,NA,NA
"183",1971,NA,NA,0.398926780034288,-0.265063683257772,NA,NA,0.00642190231361298,NA,NA,0.00450950508412049,NA,NA,NA,NA,NA,-0.484227272727273,NA,NA
"184",1972,NA,NA,0.396664345568109,-0.271679722139328,NA,NA,-0.00448288604341562,NA,NA,-0.0131787863743291,NA,NA,NA,NA,NA,-0.541915584415584,NA,NA
"185",1973,NA,NA,0.391058684356886,-0.281576156082199,NA,NA,-0.0247472896780021,NA,NA,-0.0209771280100251,NA,NA,NA,NA,NA,-0.528363636363636,NA,NA
"186",1974,NA,NA,0.436486742189267,-0.254963519516356,NA,NA,-0.0302717496307977,NA,NA,0.00268785754971346,NA,NA,NA,NA,NA,-0.468097402597403,NA,NA
"187",1975,NA,NA,0.501927400481933,-0.257011176644103,NA,NA,-0.00412819034573955,NA,NA,-0.00669268825890824,NA,NA,NA,NA,NA,-0.569428571428572,NA,NA
"188",1976,NA,NA,0.518596110177341,-0.254742524480646,NA,NA,-0.00894438022078281,NA,NA,-0.00536129106396981,NA,NA,NA,NA,NA,-0.617181818181818,NA,NA
"189",1977,NA,NA,0.528987460719703,-0.259179690432003,NA,NA,-0.0103404913846695,NA,NA,-0.00117977923233066,NA,NA,NA,NA,NA,-0.594090909090909,NA,NA
"190",1978,NA,NA,0.531318782107926,-0.239556021870477,NA,NA,-0.00287129665787573,NA,NA,-0.00122702795359209,NA,NA,NA,NA,NA,-0.583662337662338,NA,NA
"191",1979,NA,NA,0.542820532267441,-0.224138165082298,NA,NA,0.0477626635895143,NA,NA,0.0098220855134003,NA,NA,NA,NA,NA,-0.506,NA,NA
"192",1980,NA,NA,0.595289944588485,-0.132612580933206,NA,NA,0.0614495391069033,NA,NA,0.0995757564216693,NA,NA,NA,NA,NA,-0.455818181818182,NA,NA
"193",1981,NA,NA,0.602412600313388,-0.141662951421825,NA,NA,0.0611304279837293,NA,NA,0.0900953005005574,NA,NA,NA,NA,NA,-0.490279220779221,NA,NA
"194",1982,NA,NA,0.617386432921911,-0.143014674686615,NA,NA,0.0773851508204099,NA,NA,0.0779665537527407,NA,NA,NA,NA,NA,-0.524298701298701,NA,NA
"195",1983,NA,NA,0.621359257176137,-0.12823834955603,NA,NA,0.0797585397990172,NA,NA,0.0781342867132189,NA,NA,NA,NA,NA,-0.462136363636363,NA,NA
"196",1984,NA,NA,0.625756706726049,-0.118618471295952,NA,NA,0.0963722626492687,NA,NA,0.111180042363484,NA,NA,NA,NA,NA,-0.448603896103896,NA,NA
"197",1985,NA,NA,0.625363484829087,-0.102263992099876,NA,NA,0.119866819092962,NA,NA,0.14772456582316,NA,NA,NA,NA,NA,-0.474305194805195,NA,NA
"198",1986,NA,NA,0.628742228530479,-0.0652940177309005,NA,NA,0.133917680735221,NA,NA,0.194238569469004,NA,NA,NA,NA,NA,-0.434214285714285,NA,NA
"199",1987,NA,NA,0.62670332175772,-0.0482705384418454,NA,NA,0.149713681332339,NA,NA,0.234383445488803,NA,NA,NA,NA,NA,-0.386136363636364,NA,NA
"200",1988,NA,NA,0.642340828398622,-0.028739166496543,NA,NA,0.173248126666429,NA,NA,0.257178591061395,NA,NA,NA,NA,NA,-0.308311688311688,NA,NA
"201",1989,NA,NA,0.656951265705339,0.0279808693944803,NA,NA,0.194539084342611,NA,NA,0.288881361618311,NA,NA,NA,NA,NA,-0.0595677419354839,NA,NA
"202",1990,NA,NA,0.723163090712277,0.299594273253946,NA,NA,0.291004370805123,NA,NA,0.459244958460057,NA,NA,NA,NA,NA,0.123254437869822,NA,NA
"203",1991,NA,NA,0.739354092912834,0.38277579570608,NA,NA,0.346683003923644,NA,NA,0.548347743379157,NA,NA,NA,NA,NA,0.099578947368421,NA,NA
"204",1992,NA,NA,0.75032547332478,0.454615512686987,NA,NA,0.414337229304037,NA,NA,0.615306234261662,NA,NA,NA,NA,NA,-0.0733546511627907,NA,NA
"205",1993,NA,NA,0.754052123168997,0.483427994356433,NA,NA,0.48145239534326,NA,NA,0.642575921175002,NA,NA,NA,NA,NA,-0.209913294797688,NA,NA
"206",1994,NA,NA,0.771496950186757,0.484473300875339,NA,NA,0.50016814921527,NA,NA,0.659516626192067,NA,NA,NA,NA,NA,-0.231601156069364,NA,NA
"207",1995,NA,NA,0.757516718151605,0.504586335319066,NA,NA,0.506378483605193,NA,NA,0.688294418350419,NA,NA,NA,NA,NA,-0.250508670520231,NA,NA
"208",1996,NA,NA,0.750508518953522,0.509563696010835,NA,NA,0.548541040754571,NA,NA,0.699656750340471,NA,NA,NA,NA,NA,-0.247797687861272,NA,NA
"209",1997,NA,NA,0.746077491810157,0.513425860503656,NA,NA,0.548523220569808,NA,NA,0.695301295716417,NA,NA,NA,NA,NA,-0.258254335260116,NA,NA
"210",1998,NA,NA,0.757029443566518,0.524804083426196,NA,NA,0.545070377401655,NA,NA,0.71928723278588,NA,NA,NA,NA,NA,-0.244402298850575,NA,NA
"211",1999,NA,NA,0.748066833385955,0.524607179248955,NA,NA,0.547059081227484,NA,NA,0.72660490071113,NA,NA,NA,NA,NA,-0.241085714285714,NA,NA
"212",2000,NA,NA,0.734721781727316,0.579463539328523,NA,NA,0.555127762168333,NA,NA,0.784274994801625,NA,NA,NA,NA,NA,-0.175136363636364,NA,NA
"213",2001,NA,NA,0.731415865426573,0.596948835109403,NA,NA,0.564354085574267,NA,NA,0.811744827417892,NA,NA,NA,NA,NA,-0.212460227272727,NA,NA
"214",2002,NA,NA,0.738541247285183,0.612793757780943,NA,NA,0.599055307524627,NA,NA,0.820185477793842,NA,NA,NA,NA,NA,-0.214090909090909,NA,NA
"215",2003,NA,NA,0.755390907280668,0.621389192700032,NA,NA,0.619568682268324,NA,NA,0.844275278370286,NA,NA,NA,NA,NA,-0.166051136363636,NA,NA
"216",2004,NA,NA,0.7542997598424,0.625210721262451,NA,NA,0.627106314934213,NA,NA,0.856678508155601,NA,NA,NA,NA,NA,-0.195227272727273,NA,NA
"217",2005,-0.0342222471735298,-0.0284424308185366,0.751029768363423,0.635909198629412,0.188980823661106,0.150753030522588,0.658657733715298,NA,NA,0.861198489004887,-0.0269504283215779,-0.00783674984173639,-0.00796959413010007,NA,NA,-0.122744318181818,NA,NA
"218",2006,NA,NA,0.753925156860238,0.62799274598635,NA,NA,0.672458099925109,NA,NA,0.866965288864523,NA,NA,NA,NA,NA,-0.147017045454545,NA,NA
"219",2007,0.0344974923947503,-0.0467667197826575,0.751988463653493,0.602164329745075,0.190678196360829,0.126743184146223,0.656648349428232,NA,NA,0.86638796845788,-0.0204086362429356,-0.00789280732763543,0.0108149728513887,NA,NA,-0.149028248587571,NA,NA
"220",2008,NA,NA,0.755361080711152,0.61320899895512,NA,NA,0.662263217813742,NA,NA,0.877675488885552,NA,NA,NA,NA,-0.145006956866902,-0.120977401129943,-0.0900827198574007,0.485322525846624
"221",2009,0.0521920529048381,0.0292258774486333,0.756991708844212,0.614873018633236,0.108842195029347,0.0804600342791697,0.671876553079844,NA,NA,0.881292829749949,0.00235358790273306,0.00917486024569699,0.0488933235256323,NA,-0.375847433417224,-0.0964689265536722,-0.318100468411604,0.493923683079981
"222",2010,NA,NA,0.761914237280425,0.623700986584463,NA,NA,0.673297284928904,NA,NA,0.909175109765212,NA,NA,NA,NA,-0.0704598174319311,0.00112994350282496,-0.116786335228196,0.492437637538887
"223",2011,0.102773492834622,0.0582861140811788,0.76648252311232,0.629955910096149,0.0980613306564099,0.0868158169803455,0.684202403159966,NA,NA,0.92997700822532,0.0260807152262236,0.0622304233088704,0.0900627394294882,NA,1.63712599858532,0.170230337078651,-0.415298426578208,0.494011514429604
"224",2012,NA,NA,0.767524947740629,0.631105601274416,NA,NA,0.697923845314118,NA,NA,0.939574886457344,NA,NA,NA,NA,-0.168413709824071,0.157595505617978,-0.198037539431661,0.451266460975663
"225",2013,0.0353465069790074,0.0364490898229664,0.72410455137576,0.619394793458585,0.102681701101954,0.0861040103357002,0.72129411376615,NA,NA,0.893299106112832,0.0913303153658225,0.0802664482263824,0.0356070351456083,NA,-0.203926339820512,0.142769662921348,-0.194936590859156,0.448320433076832
"226",2014,NA,NA,0.723583852447166,0.60724133968523,NA,NA,0.727171889083037,NA,NA,0.881515182644456,NA,NA,NA,NA,0.39110257206057,0.129224719101124,0.829000656846691,0.473038354845902
"227",2015,-0.0255172550541277,0.045391577834289,0.723623821478903,0.595494882530537,0.00411379826367372,0.017880433797471,0.72582008631729,0.138615713695347,0.0959656324475855,0.879126073490413,0.0616714062114594,0.0522946207063166,0.0118407316918986,0.15490774335133,-0.0582663148401449,0.123983146067416,-0.0216583123096088,0.479018081932567
"228",2016,NA,NA,0.714579712266993,0.576954255544591,NA,NA,0.720780770943715,NA,NA,0.864109703985346,NA,NA,NA,NA,-0.0252190359826141,0.109752808988764,0.0190356530132389,0.476967438425009
"229",2017,-0.0481472351103394,0.00309241041659587,0.699545307350724,0.58477037308986,-0.0513306470828591,-0.0206408565141065,0.725922754881778,0.00503426346266981,-0.00416183557713505,0.873831907064935,0.035967018277678,0.0219874945239916,-0.0294584992432046,0.0529552179683701,0.0571602428412902,0.15135393258427,0.0379462717932755,0.502396908457632
"230",2018,NA,NA,0.720043982674767,0.587803537671282,NA,NA,0.729224776999124,NA,NA,0.865808810235402,NA,NA,NA,NA,-0.00985708098529875,0.207567415730337,-0.154878491345922,0.494564050001892
"231",2019,-0.0313249975168055,-0.0190255532307961,0.716695022981097,0.578894173734275,-0.110220405699897,-0.0624585138700876,0.738667818059489,0.0182722677774651,0.0142053284372903,0.868394767064756,-0.000766089949059227,-0.000616241675111739,-0.0326204792096565,0.0120083361849443,0.10790273300503,0.337178770949721,-0.0733974531897353,0.498707964201458
"232",2020,NA,NA,0.711264773491721,0.47791147985408,NA,NA,0.710811897780978,NA,NA,0.86304258237708,NA,NA,NA,NA,0.0243291102545328,0.00918435754189947,0.0158194769116133,0.484149391066681
"233",2021,-0.019790581911741,-0.0264898478249052,0.683719535961406,0.442245167501707,-0.195702963103512,-0.191456276760238,0.72066193059667,-0.011046949451112,0.00414817503280453,0.818225546910665,-0.0658692263397478,-0.0781498332702394,-0.0472718174990552,-0.0619555896102626,0.0389485828164541,0.023870786516854,0.207614841134334,0.472431699761696
"234",2022,NA,NA,0.693277698681872,0.457143670436654,NA,NA,0.685505956694828,NA,NA,0.79571031701663,NA,NA,NA,NA,0.154594679434892,0.0831123595505618,0.205782954253678,0.497212927937508
"235",2023,-0.0606488785508999,-0.048547391760934,0.679099463441567,0.459040324417009,-0.282634377412273,-0.234129730590965,0.692434603421726,-0.122276290911896,-0.0920862282644817,0.772629409066175,-0.0956306601183482,-0.119697909669406,-0.0708004179494252,-0.127526281850777,0.21333366294229,0.0780169491525423,0.195507608285115,0.499282673502169
